trial,testing,parameters,initial_deadline,final_deadline,net_reward,actions,success
1,False,"{'a': 1, 'e': 1.0}",25,0,-49.63633452830427,"{0: 15, 1: 5, 2: 5, 3: 0, 4: 0}",0
2,False,"{'a': 1, 'e': 0.25}",30,0,-171.0466629831801,"{0: 15, 1: 4, 2: 9, 3: 0, 4: 2}",0
3,False,"{'a': 1, 'e': 0.1111111111111111}",20,0,-71.66856404081744,"{0: 13, 1: 2, 2: 4, 3: 0, 4: 1}",0
4,False,"{'a': 1, 'e': 0.0625}",20,0,-154.21240244161666,"{0: 10, 1: 3, 2: 3, 3: 2, 4: 2}",0
5,False,"{'a': 1, 'e': 0.04}",25,0,-143.2260069051165,"{0: 13, 1: 5, 2: 5, 3: 0, 4: 2}",0
